<?xml version="1.0" encoding="UTF-8"?>
<con:soapui-project id="8f7f5056-1de7-4e5b-87bb-e6d65b4f14ad" activeEnvironment="Default" name="REST Project 6" soapui-version="5.5.0" abortOnError="false" runType="SEQUENTIAL" resourceRoot="${projectDir}" xmlns:con="http://eviware.com/soapui/config"><con:settings/><con:interface xsi:type="con:RestService" id="7cb8fcad-e481-4249-a554-b7902c48a6b0" wadlVersion="http://wadl.dev.java.net/2009/02" name="http://petstore.swagger.io" type="rest" xmlns:xsi="http://www.w3.org/2001/XMLSchema-instance"><con:settings/><con:definitionCache/><con:endpoints><con:endpoint>http://petstore.swagger.io</con:endpoint></con:endpoints><con:resource name="Post" path="/v2/pet" id="6de4d3e4-74a9-4992-aeb7-e6879231e32d"><con:settings/><con:parameters/><con:method name="V2 1" id="56f3f278-661c-4af8-acfa-608cdf9edfbe" method="POST"><con:settings/><con:parameters/><con:representation type="RESPONSE"><con:mediaType>application/json</con:mediaType><con:status>200</con:status><con:params/><con:element xmlns:pet="http://petstore.swagger.io/v2/pet">pet:Response</con:element></con:representation><con:representation type="REQUEST"><con:mediaType>application/json</con:mediaType><con:params/></con:representation><con:request name="post_TC4" id="382bbd77-c33d-4e79-a65c-ce7f3beb8e81" mediaType="application/json" postQueryString="false"><con:settings><con:setting id="com.eviware.soapui.impl.wsdl.WsdlRequest@request-headers">&lt;xml-fragment/></con:setting></con:settings><con:endpoint>http://petstore.swagger.io</con:endpoint><con:request>{
  "id": 0,
  "category": {
    "id": 0,
    "name": "string"
  },
  "name": "doggie",
  "photoUrls": [
    "string"
  ],
  "tags": [
    {
      "id": 0,
      "name": "string"
    }
  ],
  "status": "available"
}</con:request><con:originalUri>http://petstore.swagger.io/v2/pet</con:originalUri><con:credentials><con:authType>No Authorization</con:authType></con:credentials><con:jmsConfig JMSDeliveryMode="PERSISTENT"/><con:jmsPropertyConfig/><con:parameters/></con:request></con:method></con:resource><con:resource name="get" path="/v2/pet/findByStatus" id="11e13ec8-4949-40b5-b6be-ddef816cccca"><con:settings/><con:parameters><con:parameter><con:name>status</con:name><con:value/><con:style>QUERY</con:style><con:default/><con:description xsi:nil="true"/></con:parameter></con:parameters><con:method name="Method 1" id="a6e02041-4976-482a-9809-9d284a19883b" method="GET"><con:settings/><con:parameters/><con:representation type="RESPONSE"><con:mediaType>application/json</con:mediaType><con:status>200</con:status><con:params/><con:element>Response</con:element></con:representation><con:representation type="FAULT"><con:mediaType>application/xml</con:mediaType><con:status>404</con:status><con:params/><con:element>apiResponse</con:element></con:representation><con:representation type="FAULT"><con:mediaType>application/json</con:mediaType><con:status>404</con:status><con:params/><con:element xmlns:fin="http://petstore.swagger.io/v2/pet/findByStatus">fin:Fault</con:element></con:representation><con:request name="get_TC4" id="b6cfb56f-f24d-403c-bf5f-2aa20b77f9ea" mediaType="application/json"><con:settings><con:setting id="com.eviware.soapui.impl.wsdl.WsdlRequest@request-headers">&lt;xml-fragment/></con:setting></con:settings><con:endpoint>http://petstore.swagger.io</con:endpoint><con:request/><con:originalUri>http://petstore.swagger.io/v2/pet/findByStatus</con:originalUri><con:credentials><con:authType>No Authorization</con:authType></con:credentials><con:jmsConfig JMSDeliveryMode="PERSISTENT"/><con:jmsPropertyConfig/><con:parameters><entry key="status" value="available" xmlns="http://eviware.com/soapui/config"/></con:parameters><con:parameterOrder><con:entry>status</con:entry></con:parameterOrder></con:request></con:method></con:resource><con:resource name="post_tc12" path="/v2/pet" id="74a8f05b-f403-4f27-a4f1-a18004e6353b"><con:settings/><con:parameters/><con:method name="Method 1" id="e55d8699-de0d-44c1-b311-bed0512d9d1c" method="POST"><con:settings/><con:parameters/><con:representation type="RESPONSE"><con:mediaType>application/json</con:mediaType><con:status>200</con:status><con:params/><con:element xmlns:pet="http://petstore.swagger.io/v2/pet">pet:Response</con:element></con:representation><con:representation type="REQUEST"><con:mediaType>application/json</con:mediaType><con:params/></con:representation><con:request name="post_tc12" id="dd680c0b-295e-46ff-870e-6815ec397284" mediaType="application/json" postQueryString="false"><con:settings><con:setting id="com.eviware.soapui.impl.wsdl.WsdlRequest@request-headers">&lt;xml-fragment/></con:setting></con:settings><con:endpoint>http://petstore.swagger.io</con:endpoint><con:request>{
  "id": 0,
  "category": {
    "id": 0,
    "name": "string"
  },
  "name": "string",
  "photoUrls": [
    "string"
  ],
  "tags": [
    {
      "id": 0,
      "name": "string"
    }
  ],
  "status": "available"
}</con:request><con:originalUri>http://petstore.swagger.io/v2/pet</con:originalUri><con:credentials><con:authType>No Authorization</con:authType></con:credentials><con:jmsConfig JMSDeliveryMode="PERSISTENT"/><con:jmsPropertyConfig/><con:parameters/></con:request></con:method></con:resource><con:resource name="order_tc12" path="/v2/store/order" id="6ce76127-1157-4e7e-92b9-e6d6d2bfe2ac"><con:settings/><con:parameters/><con:method name="Method 1" id="f350fd75-732b-4675-940d-66065516ffed" method="POST"><con:settings/><con:parameters/><con:representation type="RESPONSE"><con:mediaType>application/json</con:mediaType><con:status>200</con:status><con:params/><con:element xmlns:ord="http://petstore.swagger.io/v2/store/order">ord:Response</con:element></con:representation><con:representation type="REQUEST"><con:mediaType>application/json</con:mediaType><con:params/></con:representation><con:representation type="FAULT"><con:mediaType>application/json</con:mediaType><con:status>500</con:status><con:params/><con:element xmlns:ord="http://petstore.swagger.io/v2/store/order">ord:Fault</con:element></con:representation><con:request name="Request 1" id="6be5c8d2-0073-4db0-9e81-7237fa45587d" mediaType="application/json" postQueryString="false"><con:settings><con:setting id="com.eviware.soapui.impl.wsdl.WsdlRequest@request-headers">&lt;xml-fragment/></con:setting></con:settings><con:endpoint>http://petstore.swagger.io</con:endpoint><con:request>{
  "id": 0,
  "petId": 0,
  "quantity": 0,
  "shipDate": "2020-04-01T15:06:11.218Z",
  "status": "placed",
  "complete": true
}</con:request><con:originalUri>http://petstore.swagger.io/v2/store/order</con:originalUri><con:credentials><con:authType>No Authorization</con:authType></con:credentials><con:jmsConfig JMSDeliveryMode="PERSISTENT"/><con:jmsPropertyConfig/><con:parameters/></con:request></con:method></con:resource><con:resource name="get_tc12" path="/v2/pet/" id="0892a674-0773-49a0-9859-136393d84df4"><con:settings/><con:parameters/><con:method name="Method 1" id="361414f5-f947-49f5-b8bc-77785e1c6e06" method="GET"><con:settings/><con:parameters/><con:representation type="FAULT"><con:mediaType>application/xml</con:mediaType><con:status>405</con:status><con:params/><con:element>apiResponse</con:element></con:representation><con:request name="Request 1" id="bf1d1077-dae3-4290-8368-8510baf4b919" mediaType="application/json"><con:settings/><con:endpoint>http://petstore.swagger.io</con:endpoint><con:request/><con:credentials><con:authType>No Authorization</con:authType></con:credentials><con:jmsConfig JMSDeliveryMode="PERSISTENT"/><con:jmsPropertyConfig/><con:parameters/></con:request></con:method></con:resource></con:interface><con:testSuite id="8597fdd6-6b14-4321-828e-5ab6399cfdde" name="TestSuite 1"><con:settings/><con:runType>SEQUENTIAL</con:runType><con:testCase id="418525d3-66a9-4156-bb02-f5296e01ccd1" failOnError="true" failTestCaseOnErrors="true" keepSession="false" maxResults="0" name="TestCase 4" searchProperties="true"><con:settings/><con:testStep type="groovy" name="Groovy Script" id="2e3fff6d-36f6-4b2f-9366-5d7667b637c6"><con:settings/><con:config><script>import java.io.File
import java.util.Date
import jxl.*

import groovy.xml.MarkupBuilder
import org.custommonkey.xmlunit.*

//read excelfile

Workbook wb = Workbook.getWorkbook(new File('C:/Rakshitha/Api_testing_dum.xls'))

sheet = wb.getSheet(0)
String p=sheet.getCell(0,0).getContents()
//def writer = new FileWriter('D:/TestSample1.xls')
//log.info p
//testRunner.testCase.getTestStepByName("Properties").setPropertyValue( "Pet_Name", p )
testRunner.testCase.getTestStepByName("Properties").setPropertyValue( "name", p )

log.info p

def getLocalPropValue = testRunner.testCase.getTestStepByName("Properties").getPropertyValue("name")
log.info(getLocalPropValue)


String q=sheet.getCell(1,0).getContents()
testRunner.testCase.getTestStepByName("Properties").setPropertyValue( "Categoryname", q )

log.info q

String r=sheet.getCell(2,0).getContents()
testRunner.testCase.getTestStepByName("Properties").setPropertyValue( "Tagname", r )
log.info r

wb.close()

 </script></con:config></con:testStep><con:testStep type="properties" name="Properties" id="bd7811ce-4b9d-47fe-842a-715f6c4869b4"><con:settings/><con:config xsi:type="con:PropertiesStep" saveFirst="true" xmlns:xsi="http://www.w3.org/2001/XMLSchema-instance"><con:properties><con:property><con:name>name</con:name><con:value>doggie</con:value></con:property><con:property><con:name>Categoryname</con:name><con:value>av</con:value></con:property><con:property><con:name>Tagname</con:name><con:value>str1</con:value></con:property></con:properties></con:config></con:testStep><con:testStep type="restrequest" name="Post_TC4" id="1f302064-08c6-4ac4-8a81-d1bbb9ac303a"><con:settings/><con:config service="http://petstore.swagger.io" resourcePath="/v2/pet" methodName="V2 1" xsi:type="con:RestRequestStep" xmlns:xsi="http://www.w3.org/2001/XMLSchema-instance"><con:restRequest name="Post_TC4" id="382bbd77-c33d-4e79-a65c-ce7f3beb8e81" mediaType="application/json" postQueryString="false"><con:settings><con:setting id="com.eviware.soapui.impl.wsdl.WsdlRequest@request-headers">&lt;xml-fragment/></con:setting></con:settings><con:endpoint>http://petstore.swagger.io</con:endpoint><con:request>{
  "id": 0,
  "category": {
    "id": 0,
    "name": "${Properties#Categoryname}"
  },
  "name": "${Properties#name}",
  "photoUrls": [
    "string"
  ],
  "tags": [
    {
      "id": 0,
      "name": "${Properties#Tagname}"
    }
  ],
  "status": "available"
}</con:request><con:originalUri>http://petstore.swagger.io/v2/pet</con:originalUri><con:credentials><con:authType>No Authorization</con:authType></con:credentials><con:jmsConfig JMSDeliveryMode="PERSISTENT"/><con:jmsPropertyConfig/><con:parameters/></con:restRequest></con:config></con:testStep><con:testStep type="restrequest" name="findbystatus" id="7d9a018d-455b-4091-a299-d04c825078ff"><con:settings/><con:config service="http://petstore.swagger.io" resourcePath="/v2/pet/findByStatus" methodName="Method 1" xsi:type="con:RestRequestStep" xmlns:xsi="http://www.w3.org/2001/XMLSchema-instance"><con:restRequest name="findbystatus" id="b6cfb56f-f24d-403c-bf5f-2aa20b77f9ea" mediaType="application/json"><con:settings><con:setting id="com.eviware.soapui.impl.wsdl.WsdlRequest@request-headers">&lt;xml-fragment/></con:setting></con:settings><con:endpoint>http://petstore.swagger.io</con:endpoint><con:request/><con:originalUri>http://petstore.swagger.io/v2/pet/findByStatus</con:originalUri><con:credentials><con:authType>No Authorization</con:authType></con:credentials><con:jmsConfig JMSDeliveryMode="PERSISTENT"/><con:jmsPropertyConfig/><con:parameters><entry key="status" value="pending" xmlns="http://eviware.com/soapui/config"/></con:parameters><con:parameterOrder><con:entry>status</con:entry></con:parameterOrder></con:restRequest></con:config></con:testStep><con:properties/></con:testCase><con:testCase id="666a4695-f61d-451c-b3a1-87172720b234" failOnError="true" failTestCaseOnErrors="true" keepSession="false" maxResults="0" name="TestCase 12" searchProperties="true"><con:settings/><con:testStep type="groovy" name="Groovy Script" id="19a4749a-ec2c-4186-9311-880734d252dc"><con:settings/><con:config><script>import java.io.File
import java.util.Date
import jxl.*

import groovy.xml.MarkupBuilder
import org.custommonkey.xmlunit.*

//read excelfile

Workbook wb = Workbook.getWorkbook(new File('C:/Rakshitha/Api_testing_dum.xls'))

sheet = wb.getSheet(0)
String p=sheet.getCell(0,1).getContents()
//def writer = new FileWriter('D:/TestSample1.xls')
//log.info p
//testRunner.testCase.getTestStepByName("Properties").setPropertyValue( "Pet_Name", p )
testRunner.testCase.getTestStepByName("abcd").setPropertyValue( "name", p )

log.info p

def getLocalPropValue = testRunner.testCase.getTestStepByName("abcd").getPropertyValue("name")
log.info(getLocalPropValue)



wb.close()

 </script></con:config></con:testStep><con:testStep type="properties" name="abcd" id="0830e95c-9dde-452f-b09f-38aa2b95f0a0"><con:settings/><con:config xsi:type="con:PropertiesStep" saveFirst="true" xmlns:xsi="http://www.w3.org/2001/XMLSchema-instance"><con:properties><con:property><con:name>name</con:name><con:value>caty</con:value></con:property><con:property><con:name>Pet_ID</con:name><con:value>15435006002032</con:value></con:property></con:properties></con:config></con:testStep><con:testStep type="restrequest" name="post_tc12" id="26992b61-cbb4-4c20-ac76-3f6f10b9eac4"><con:settings/><con:config service="http://petstore.swagger.io" resourcePath="/v2/pet" methodName="Method 1" xsi:type="con:RestRequestStep" xmlns:xsi="http://www.w3.org/2001/XMLSchema-instance"><con:restRequest name="post_tc12" id="dd680c0b-295e-46ff-870e-6815ec397284" mediaType="application/json" postQueryString="false"><con:settings><con:setting id="com.eviware.soapui.impl.wsdl.WsdlRequest@request-headers">&lt;xml-fragment/></con:setting></con:settings><con:endpoint>http://petstore.swagger.io</con:endpoint><con:request>{
  "id": 0,
  "category": {
    "id": 0,
    "name": "string"
  },
  "name": "${abcd#name}",
  "photoUrls": [
    "string"
  ],
  "tags": [
    {
      "id": 0,
      "name": "string"
    }
  ],
  "status": "available"
}</con:request><con:originalUri>http://petstore.swagger.io/v2/pet</con:originalUri><con:credentials><con:authType>No Authorization</con:authType></con:credentials><con:jmsConfig JMSDeliveryMode="PERSISTENT"/><con:jmsPropertyConfig/><con:parameters/></con:restRequest></con:config></con:testStep><con:testStep type="groovy" name="Groovy Script1" id="025e365f-9935-494b-8ae9-7824a0d00791"><con:settings/><con:config><script>import java.io.File
import java.util.Date
import jxl.*

import groovy.xml.MarkupBuilder
import org.custommonkey.xmlunit.*

testRunner.testCase.testSuite.project.testSuites["TestSuite 1"].testCases["TestCase 12"].testSteps["post_tc12"].run(testRunner,context)
def responseContent = context.testCase.getTestStepByName("post_tc12").getPropertyValue("response")
slurperResponse = new JsonSlurper().parseText(responseContent)
		
String id = slurperResponse.id
context.testCase.getTestStepByName("abcd").setPropertyValue("Pet_ID",id)


</script></con:config></con:testStep><con:testStep type="transfer" name="Property Transfer" id="7574c7f7-0ef2-4b7f-80aa-c41feceabca1"><con:settings/><con:config xsi:type="con:PropertyTransfersStep" xmlns:xsi="http://www.w3.org/2001/XMLSchema-instance"><con:transfers setNullOnMissingSource="true" transferTextContent="true" failOnError="true" ignoreEmpty="false" transferToAll="false" entitize="false" transferChildNodes="false"><con:name>pet_id</con:name><con:sourceType>Response</con:sourceType><con:sourceStep>post_tc12</con:sourceStep><con:sourcePath>$.id</con:sourcePath><con:targetType xsi:nil="true"/><con:targetStep>order_tc12</con:targetStep><con:type>JSONPATH</con:type><con:targetTransferType>JSONPATH</con:targetTransferType><con:upgraded>true</con:upgraded></con:transfers></con:config></con:testStep><con:testStep type="restrequest" name="order_tc12" id="933ac04d-4be0-4bfe-be62-8a3661c06bc4"><con:settings/><con:config service="http://petstore.swagger.io" resourcePath="/v2/store/order" methodName="Method 1" xsi:type="con:RestRequestStep" xmlns:xsi="http://www.w3.org/2001/XMLSchema-instance"><con:restRequest name="order_tc12" id="6be5c8d2-0073-4db0-9e81-7237fa45587d" mediaType="application/json" postQueryString="false"><con:settings><con:setting id="com.eviware.soapui.impl.wsdl.WsdlRequest@request-headers">&lt;xml-fragment/></con:setting></con:settings><con:endpoint>http://petstore.swagger.io</con:endpoint><con:request>{
  "id": 0,
  "petId": "${abcd#Pet_ID}",
  "quantity": 0,
  "shipDate": "2020-04-01T15:06:11.218Z",
  "status": "placed",
  "complete": true
}</con:request><con:originalUri>http://petstore.swagger.io/v2/store/order</con:originalUri><con:credentials><con:authType>No Authorization</con:authType></con:credentials><con:jmsConfig JMSDeliveryMode="PERSISTENT"/><con:jmsPropertyConfig/><con:parameters/></con:restRequest></con:config></con:testStep><con:properties/></con:testCase><con:testCase id="18ac15a7-0481-4741-9203-e3c22cbfcdf4" failOnError="true" failTestCaseOnErrors="true" keepSession="false" maxResults="0" name="TestCase multiple data" searchProperties="true"><con:settings/><con:testStep type="groovy" name="Groovy Script" id="121abdd4-f15b-4199-ad52-da19a7658dff"><con:settings/><con:config><script>import java.io.* 
import jxl.* 
import jxl.write.* 
import java.text.SimpleDateFormat
import groovy.json.JsonSlurper
//GET 
log.info("=======================test started for get customer by Id from Excel=======================") 


def file=new File("C:/Rakshitha/Api_testing_dum.xls"); //97-2013 workbook xls 
workBook= Workbook.getWorkbook(file) 
def workSheet=workBook.getSheet(0) 
rows=workSheet.getRows()	//max row number
log.info "Total row number - "+rows   

for(def i=0;i&lt;rows;i++) 
{     

		String c=workSheet.getCell(0,i).getContents()
		testRunner.testCase.getTestStepByName("Properties").setPropertyValue("name",c)
		testRunner.testCase.testSuite.project.testSuites["TestSuite 1"].testCases["TestCase multiple data"].testSteps["post_multiple"].run(testRunner,context)
		def responseContent = context.testCase.getTestStepByName("post_multiple").getPropertyValue("response")
		slurperResponse = new JsonSlurper().parseText(responseContent)
		
		String petid = slurperResponse.id
		testRunner.testCase.getTestStepByName("Properties").setPropertyValue("id",petid)
		testRunner.testCase.testSuite.project.testSuites["TestSuite 1"].testCases["TestCase multiple data"].testSteps["order_multiple"].run(testRunner,context)

		def responseContent1 = context.testCase.getTestStepByName("order_multiple").getPropertyValue("response")
		slurperResponse1 = new JsonSlurper().parseText(responseContent1)
 		String order_id = slurperResponse1.id
 		testRunner.testCase.getTestStepByName("Properties").setPropertyValue("order_id",order_id)
          
		
		log.info slurperResponse.id
		log.info slurperResponse.name	
		log.info slurperResponse1.id

		
	
}  </script></con:config></con:testStep><con:testStep type="properties" name="Properties" id="c9b0b941-85ec-4f22-acfa-bbc0277c7ebb"><con:settings/><con:config xsi:type="con:PropertiesStep" saveFirst="true" xmlns:xsi="http://www.w3.org/2001/XMLSchema-instance"><con:properties><con:property><con:name>name</con:name><con:value>Pet7</con:value></con:property><con:property><con:name>id</con:name><con:value>64339242843817822</con:value></con:property><con:property><con:name>order_id</con:name><con:value>6526</con:value></con:property></con:properties></con:config></con:testStep><con:testStep type="restrequest" name="post_multiple" id="1645c085-a507-446a-ac51-685eea51f571"><con:settings/><con:config service="http://petstore.swagger.io" resourcePath="/v2/pet" methodName="Method 1" xsi:type="con:RestRequestStep" xmlns:xsi="http://www.w3.org/2001/XMLSchema-instance"><con:restRequest name="post_multiple" id="dd680c0b-295e-46ff-870e-6815ec397284" mediaType="application/json" postQueryString="false"><con:settings><con:setting id="com.eviware.soapui.impl.wsdl.WsdlRequest@request-headers">&lt;xml-fragment/></con:setting></con:settings><con:endpoint>http://petstore.swagger.io</con:endpoint><con:request>{
  "id": 0,
  "category": {
    "id": 0,
    "name": "string"
  },
  "name": "${Properties#name}",
  "photoUrls": [
    "string"
  ],
  "tags": [
    {
      "id": 0,
      "name": "string"
    }
  ],
  "status": "available"
}</con:request><con:originalUri>http://petstore.swagger.io/v2/pet</con:originalUri><con:credentials><con:authType>No Authorization</con:authType></con:credentials><con:jmsConfig JMSDeliveryMode="PERSISTENT"/><con:jmsPropertyConfig/><con:parameters/></con:restRequest></con:config></con:testStep><con:testStep type="restrequest" name="order_multiple" id="2f622262-ac2c-481e-bf4c-40eaa0a5c910"><con:settings/><con:config service="http://petstore.swagger.io" resourcePath="/v2/store/order" methodName="Method 1" xsi:type="con:RestRequestStep" xmlns:xsi="http://www.w3.org/2001/XMLSchema-instance"><con:restRequest name="order_multiple" id="6be5c8d2-0073-4db0-9e81-7237fa45587d" mediaType="application/json" postQueryString="false"><con:settings><con:setting id="com.eviware.soapui.impl.wsdl.WsdlRequest@request-headers">&lt;xml-fragment/></con:setting></con:settings><con:endpoint>http://petstore.swagger.io</con:endpoint><con:request>{
  "id": 0,
  "petId": "${Properties#id}",
  "quantity": 0,
  "shipDate": "2020-04-01T15:06:11.218Z",
  "status": "placed",
  "complete": true
}</con:request><con:originalUri>http://petstore.swagger.io/v2/store/order</con:originalUri><con:credentials><con:authType>No Authorization</con:authType></con:credentials><con:jmsConfig JMSDeliveryMode="PERSISTENT"/><con:jmsPropertyConfig/><con:parameters/></con:restRequest></con:config></con:testStep><con:properties/></con:testCase><con:properties/></con:testSuite><con:properties/><con:wssContainer/><con:oAuth2ProfileContainer/><con:oAuth1ProfileContainer/><con:sensitiveInformation/></con:soapui-project>